<code_scheme name="vishnuUnfoldCodeWarppingAndBracesUncheckLineBreaks" version="173">
  <option name="RIGHT_MARGIN" value="1000" />
  <option name="ALIGN_MULTILINE_PARAMETERS_IN_CALLS" value="true" />
  <Python>
    <option name="DICT_ALIGNMENT" value="2" />
    <option name="FROM_IMPORT_PARENTHESES_FORCE_IF_MULTILINE" value="true" />
  </Python>
  <codeStyleSettings language="CoffeeScript">
    <option name="KEEP_LINE_BREAKS" value="false" />
    <option name="KEEP_FIRST_COLUMN_COMMENT" value="false" />
  </codeStyleSettings>
  <codeStyleSettings language="Python">
    <option name="KEEP_LINE_BREAKS" value="false" />
  </codeStyleSettings>
</code_scheme>