<code_scheme name="vishnu" version="173">
  <option name="RIGHT_MARGIN" value="1000" />
  <option name="ALIGN_MULTILINE_PARAMETERS_IN_CALLS" value="true" />
  <CoffeeScriptCodeStyleSettings version="0">
    <option name="ALIGN_OBJECT_PROPERTIES" value="2" />
  </CoffeeScriptCodeStyleSettings>
  <Python>
    <option name="DICT_ALIGNMENT" value="2" />
    <option name="USE_CONTINUATION_INDENT_FOR_ARGUMENTS" value="true" />
  </Python>
  <codeStyleSettings language="CoffeeScript">
    <option name="KEEP_LINE_BREAKS" value="false" />
    <option name="KEEP_FIRST_COLUMN_COMMENT" value="false" />
  </codeStyleSettings>
</code_scheme>