<application>
  <component name="FeatureSuggesterSettings">
    <option name="workingDays">
      <list>
        <option value="1657749206019" />
        <option value="1657928090358" />
        <option value="1657996233018" />
        <option value="1658100837922" />
        <option value="1658197293381" />
        <option value="1658283893681" />
        <option value="1658365366150" />
        <option value="1658469986571" />
        <option value="1658767961343" />
        <option value="1658798747662" />
        <option value="1658865252935" />
        <option value="1658946625518" />
        <option value="1659060894667" />
        <option value="1659155806857" />
        <option value="1659234479953" />
        <option value="1659320451779" />
        <option value="1659378667501" />
        <option value="1659492327744" />
        <option value="1659584781857" />
        <option value="1659637859473" />
        <option value="1659779410264" />
        <option value="1659810680273" />
        <option value="1659925960829" />
        <option value="1659998637477" />
        <option value="1660090165276" />
        <option value="1660156200429" />
        <option value="1660272737736" />
        <option value="1660329104536" />
        <option value="1660415400818" />
        <option value="1660502148257" />
      </list>
    </option>
  </component>
</application>