<application>
  <component name="FindSettings">
    <option name="customScope" value="Project 'voicePersonalizationCode'" />
    <option name="defaultScopeName" value="Project 'voicePersonalizationCode'" />
    <option name="localWholeWordsOnly" value="true" />
    <option name="showResultsInSeparateView" value="true" />
    <option name="skipResultsWithOneUsage" value="true" />
    <option name="SKIP_RESULTS_WHEN_ONE_USAGE" value="true" />
    <option name="LOCAL_WHOLE_WORDS_ONLY" value="true" />
    <option name="SHOW_RESULTS_IN_SEPARATE_VIEW" value="true" />
    <option name="SEARCH_SCOPE" value="Project 'voicePersonalizationCode'" />
    <option name="FILE_MASK" value="*.py" />
    <mask>*.txt</mask>
    <mask>*.yaml</mask>
    <mask>*.*</mask>
    <mask>*.py</mask>
  </component>
</application>