<filetype binary="false" description="Cython files" name="Cython">
  <highlighting>
    <options>
      <option name="LINE_COMMENT" value="#" />
      <option name="COMMENT_START" value="'''" />
      <option name="COMMENT_END" value="'''" />
      <option name="HEX_PREFIX" value="" />
      <option name="NUM_POSTFIXES" value="" />
    </options>
    <keywords keywords="cdef;cimport;ctypedef;def;for;if;import;return;while" ignore_case="false" />
  </highlighting>
  <extensionMap>
    <mapping ext="pyx" />
    <mapping ext="pxd" />
  </extensionMap>
</filetype>